Path_for_mp4_video,Path_for_wav_file,csv_file_name,csv_file_name_path_fullvideo,csv_file_name_path_perframe,label
/Users/ronelpoliak/Afeka/Final_Project/Deception-detection-learning/datasets/trial_testimonies/Deceptive/trial_lie_041.mp4,/Users/ronelpoliak/Afeka/Final_Project/Deception-detection-learning/resources/wavfiles/audio_real_life_deception_trial_lie_041.wav,audio_real_life_deception_trial_lie_041.csv,/Users/ronelpoliak/Afeka/Final_Project/Deception-detection-learning/resources/audio_features/arff_files_full_video/audio_real_life_deception_trial_lie_041.csv,/Users/ronelpoliak/Afeka/Final_Project/Deception-detection-learning/resources/audio_features/arff_files_frame_wise/audio_real_life_deception_trial_lie_041.csv,Deceptive
/Users/ronelpoliak/Afeka/Final_Project/Deception-detection-learning/datasets/trial_testimonies/Deceptive/trial_lie_055.mp4,/Users/ronelpoliak/Afeka/Final_Project/Deception-detection-learning/resources/wavfiles/audio_real_life_deception_trial_lie_055.wav,audio_real_life_deception_trial_lie_055.csv,/Users/ronelpoliak/Afeka/Final_Project/Deception-detection-learning/resources/audio_features/arff_files_full_video/audio_real_life_deception_trial_lie_055.csv,/Users/ronelpoliak/Afeka/Final_Project/Deception-detection-learning/resources/audio_features/arff_files_frame_wise/audio_real_life_deception_trial_lie_055.csv,Deceptive
/Users/ronelpoliak/Afeka/Final_Project/Deception-detection-learning/datasets/trial_testimonies/Deceptive/trial_lie_054.mp4,/Users/ronelpoliak/Afeka/Final_Project/Deception-detection-learning/resources/wavfiles/audio_real_life_deception_trial_lie_054.wav,audio_real_life_deception_trial_lie_054.csv,/Users/ronelpoliak/Afeka/Final_Project/Deception-detection-learning/resources/audio_features/arff_files_full_video/audio_real_life_deception_trial_lie_054.csv,/Users/ronelpoliak/Afeka/Final_Project/Deception-detection-learning/resources/audio_features/arff_files_frame_wise/audio_real_life_deception_trial_lie_054.csv,Deceptive
/Users/ronelpoliak/Afeka/Final_Project/Deception-detection-learning/datasets/trial_testimonies/Deceptive/trial_lie_040.mp4,/Users/ronelpoliak/Afeka/Final_Project/Deception-detection-learning/resources/wavfiles/audio_real_life_deception_trial_lie_040.wav,audio_real_life_deception_trial_lie_040.csv,/Users/ronelpoliak/Afeka/Final_Project/Deception-detection-learning/resources/audio_features/arff_files_full_video/audio_real_life_deception_trial_lie_040.csv,/Users/ronelpoliak/Afeka/Final_Project/Deception-detection-learning/resources/audio_features/arff_files_frame_wise/audio_real_life_deception_trial_lie_040.csv,Deceptive
/Users/ronelpoliak/Afeka/Final_Project/Deception-detection-learning/datasets/trial_testimonies/Deceptive/trial_lie_056.mp4,/Users/ronelpoliak/Afeka/Final_Project/Deception-detection-learning/resources/wavfiles/audio_real_life_deception_trial_lie_056.wav,audio_real_life_deception_trial_lie_056.csv,/Users/ronelpoliak/Afeka/Final_Project/Deception-detection-learning/resources/audio_features/arff_files_full_video/audio_real_life_deception_trial_lie_056.csv,/Users/ronelpoliak/Afeka/Final_Project/Deception-detection-learning/resources/audio_features/arff_files_frame_wise/audio_real_life_deception_trial_lie_056.csv,Deceptive
/Users/ronelpoliak/Afeka/Final_Project/Deception-detection-learning/datasets/trial_testimonies/Deceptive/trial_lie_042.mp4,/Users/ronelpoliak/Afeka/Final_Project/Deception-detection-learning/resources/wavfiles/audio_real_life_deception_trial_lie_042.wav,audio_real_life_deception_trial_lie_042.csv,/Users/ronelpoliak/Afeka/Final_Project/Deception-detection-learning/resources/audio_features/arff_files_full_video/audio_real_life_deception_trial_lie_042.csv,/Users/ronelpoliak/Afeka/Final_Project/Deception-detection-learning/resources/audio_features/arff_files_frame_wise/audio_real_life_deception_trial_lie_042.csv,Deceptive
/Users/ronelpoliak/Afeka/Final_Project/Deception-detection-learning/datasets/trial_testimonies/Deceptive/trial_lie_043.mp4,/Users/ronelpoliak/Afeka/Final_Project/Deception-detection-learning/resources/wavfiles/audio_real_life_deception_trial_lie_043.wav,audio_real_life_deception_trial_lie_043.csv,/Users/ronelpoliak/Afeka/Final_Project/Deception-detection-learning/resources/audio_features/arff_files_full_video/audio_real_life_deception_trial_lie_043.csv,/Users/ronelpoliak/Afeka/Final_Project/Deception-detection-learning/resources/audio_features/arff_files_frame_wise/audio_real_life_deception_trial_lie_043.csv,Deceptive
/Users/ronelpoliak/Afeka/Final_Project/Deception-detection-learning/datasets/trial_testimonies/Deceptive/trial_lie_057.mp4,/Users/ronelpoliak/Afeka/Final_Project/Deception-detection-learning/resources/wavfiles/audio_real_life_deception_trial_lie_057.wav,audio_real_life_deception_trial_lie_057.csv,/Users/ronelpoliak/Afeka/Final_Project/Deception-detection-learning/resources/audio_features/arff_files_full_video/audio_real_life_deception_trial_lie_057.csv,/Users/ronelpoliak/Afeka/Final_Project/Deception-detection-learning/resources/audio_features/arff_files_frame_wise/audio_real_life_deception_trial_lie_057.csv,Deceptive
/Users/ronelpoliak/Afeka/Final_Project/Deception-detection-learning/datasets/trial_testimonies/Deceptive/trial_lie_053.mp4,/Users/ronelpoliak/Afeka/Final_Project/Deception-detection-learning/resources/wavfiles/audio_real_life_deception_trial_lie_053.wav,audio_real_life_deception_trial_lie_053.csv,/Users/ronelpoliak/Afeka/Final_Project/Deception-detection-learning/resources/audio_features/arff_files_full_video/audio_real_life_deception_trial_lie_053.csv,/Users/ronelpoliak/Afeka/Final_Project/Deception-detection-learning/resources/audio_features/arff_files_frame_wise/audio_real_life_deception_trial_lie_053.csv,Deceptive
/Users/ronelpoliak/Afeka/Final_Project/Deception-detection-learning/datasets/trial_testimonies/Deceptive/trial_lie_047.mp4,/Users/ronelpoliak/Afeka/Final_Project/Deception-detection-learning/resources/wavfiles/audio_real_life_deception_trial_lie_047.wav,audio_real_life_deception_trial_lie_047.csv,/Users/ronelpoliak/Afeka/Final_Project/Deception-detection-learning/resources/audio_features/arff_files_full_video/audio_real_life_deception_trial_lie_047.csv,/Users/ronelpoliak/Afeka/Final_Project/Deception-detection-learning/resources/audio_features/arff_files_frame_wise/audio_real_life_deception_trial_lie_047.csv,Deceptive
/Users/ronelpoliak/Afeka/Final_Project/Deception-detection-learning/datasets/trial_testimonies/Deceptive/trial_lie_046.mp4,/Users/ronelpoliak/Afeka/Final_Project/Deception-detection-learning/resources/wavfiles/audio_real_life_deception_trial_lie_046.wav,audio_real_life_deception_trial_lie_046.csv,/Users/ronelpoliak/Afeka/Final_Project/Deception-detection-learning/resources/audio_features/arff_files_full_video/audio_real_life_deception_trial_lie_046.csv,/Users/ronelpoliak/Afeka/Final_Project/Deception-detection-learning/resources/audio_features/arff_files_frame_wise/audio_real_life_deception_trial_lie_046.csv,Deceptive
/Users/ronelpoliak/Afeka/Final_Project/Deception-detection-learning/datasets/trial_testimonies/Deceptive/trial_lie_052.mp4,/Users/ronelpoliak/Afeka/Final_Project/Deception-detection-learning/resources/wavfiles/audio_real_life_deception_trial_lie_052.wav,audio_real_life_deception_trial_lie_052.csv,/Users/ronelpoliak/Afeka/Final_Project/Deception-detection-learning/resources/audio_features/arff_files_full_video/audio_real_life_deception_trial_lie_052.csv,/Users/ronelpoliak/Afeka/Final_Project/Deception-detection-learning/resources/audio_features/arff_files_frame_wise/audio_real_life_deception_trial_lie_052.csv,Deceptive
/Users/ronelpoliak/Afeka/Final_Project/Deception-detection-learning/datasets/trial_testimonies/Deceptive/trial_lie_044.mp4,/Users/ronelpoliak/Afeka/Final_Project/Deception-detection-learning/resources/wavfiles/audio_real_life_deception_trial_lie_044.wav,audio_real_life_deception_trial_lie_044.csv,/Users/ronelpoliak/Afeka/Final_Project/Deception-detection-learning/resources/audio_features/arff_files_full_video/audio_real_life_deception_trial_lie_044.csv,/Users/ronelpoliak/Afeka/Final_Project/Deception-detection-learning/resources/audio_features/arff_files_frame_wise/audio_real_life_deception_trial_lie_044.csv,Deceptive
/Users/ronelpoliak/Afeka/Final_Project/Deception-detection-learning/datasets/trial_testimonies/Deceptive/trial_lie_050.mp4,/Users/ronelpoliak/Afeka/Final_Project/Deception-detection-learning/resources/wavfiles/audio_real_life_deception_trial_lie_050.wav,audio_real_life_deception_trial_lie_050.csv,/Users/ronelpoliak/Afeka/Final_Project/Deception-detection-learning/resources/audio_features/arff_files_full_video/audio_real_life_deception_trial_lie_050.csv,/Users/ronelpoliak/Afeka/Final_Project/Deception-detection-learning/resources/audio_features/arff_files_frame_wise/audio_real_life_deception_trial_lie_050.csv,Deceptive
/Users/ronelpoliak/Afeka/Final_Project/Deception-detection-learning/datasets/trial_testimonies/Deceptive/trial_lie_051.mp4,/Users/ronelpoliak/Afeka/Final_Project/Deception-detection-learning/resources/wavfiles/audio_real_life_deception_trial_lie_051.wav,audio_real_life_deception_trial_lie_051.csv,/Users/ronelpoliak/Afeka/Final_Project/Deception-detection-learning/resources/audio_features/arff_files_full_video/audio_real_life_deception_trial_lie_051.csv,/Users/ronelpoliak/Afeka/Final_Project/Deception-detection-learning/resources/audio_features/arff_files_frame_wise/audio_real_life_deception_trial_lie_051.csv,Deceptive
/Users/ronelpoliak/Afeka/Final_Project/Deception-detection-learning/datasets/trial_testimonies/Deceptive/trial_lie_045.mp4,/Users/ronelpoliak/Afeka/Final_Project/Deception-detection-learning/resources/wavfiles/audio_real_life_deception_trial_lie_045.wav,audio_real_life_deception_trial_lie_045.csv,/Users/ronelpoliak/Afeka/Final_Project/Deception-detection-learning/resources/audio_features/arff_files_full_video/audio_real_life_deception_trial_lie_045.csv,/Users/ronelpoliak/Afeka/Final_Project/Deception-detection-learning/resources/audio_features/arff_files_frame_wise/audio_real_life_deception_trial_lie_045.csv,Deceptive
/Users/ronelpoliak/Afeka/Final_Project/Deception-detection-learning/datasets/trial_testimonies/Deceptive/trial_lie_022.mp4,/Users/ronelpoliak/Afeka/Final_Project/Deception-detection-learning/resources/wavfiles/audio_real_life_deception_trial_lie_022.wav,audio_real_life_deception_trial_lie_022.csv,/Users/ronelpoliak/Afeka/Final_Project/Deception-detection-learning/resources/audio_features/arff_files_full_video/audio_real_life_deception_trial_lie_022.csv,/Users/ronelpoliak/Afeka/Final_Project/Deception-detection-learning/resources/audio_features/arff_files_frame_wise/audio_real_life_deception_trial_lie_022.csv,Deceptive
/Users/ronelpoliak/Afeka/Final_Project/Deception-detection-learning/datasets/trial_testimonies/Deceptive/trial_lie_036.mp4,/Users/ronelpoliak/Afeka/Final_Project/Deception-detection-learning/resources/wavfiles/audio_real_life_deception_trial_lie_036.wav,audio_real_life_deception_trial_lie_036.csv,/Users/ronelpoliak/Afeka/Final_Project/Deception-detection-learning/resources/audio_features/arff_files_full_video/audio_real_life_deception_trial_lie_036.csv,/Users/ronelpoliak/Afeka/Final_Project/Deception-detection-learning/resources/audio_features/arff_files_frame_wise/audio_real_life_deception_trial_lie_036.csv,Deceptive
/Users/ronelpoliak/Afeka/Final_Project/Deception-detection-learning/datasets/trial_testimonies/Deceptive/trial_lie_037.mp4,/Users/ronelpoliak/Afeka/Final_Project/Deception-detection-learning/resources/wavfiles/audio_real_life_deception_trial_lie_037.wav,audio_real_life_deception_trial_lie_037.csv,/Users/ronelpoliak/Afeka/Final_Project/Deception-detection-learning/resources/audio_features/arff_files_full_video/audio_real_life_deception_trial_lie_037.csv,/Users/ronelpoliak/Afeka/Final_Project/Deception-detection-learning/resources/audio_features/arff_files_frame_wise/audio_real_life_deception_trial_lie_037.csv,Deceptive
/Users/ronelpoliak/Afeka/Final_Project/Deception-detection-learning/datasets/trial_testimonies/Deceptive/trial_lie_023.mp4,/Users/ronelpoliak/Afeka/Final_Project/Deception-detection-learning/resources/wavfiles/audio_real_life_deception_trial_lie_023.wav,audio_real_life_deception_trial_lie_023.csv,/Users/ronelpoliak/Afeka/Final_Project/Deception-detection-learning/resources/audio_features/arff_files_full_video/audio_real_life_deception_trial_lie_023.csv,/Users/ronelpoliak/Afeka/Final_Project/Deception-detection-learning/resources/audio_features/arff_files_frame_wise/audio_real_life_deception_trial_lie_023.csv,Deceptive
/Users/ronelpoliak/Afeka/Final_Project/Deception-detection-learning/datasets/trial_testimonies/Deceptive/trial_lie_035.mp4,/Users/ronelpoliak/Afeka/Final_Project/Deception-detection-learning/resources/wavfiles/audio_real_life_deception_trial_lie_035.wav,audio_real_life_deception_trial_lie_035.csv,/Users/ronelpoliak/Afeka/Final_Project/Deception-detection-learning/resources/audio_features/arff_files_full_video/audio_real_life_deception_trial_lie_035.csv,/Users/ronelpoliak/Afeka/Final_Project/Deception-detection-learning/resources/audio_features/arff_files_frame_wise/audio_real_life_deception_trial_lie_035.csv,Deceptive
/Users/ronelpoliak/Afeka/Final_Project/Deception-detection-learning/datasets/trial_testimonies/Deceptive/trial_lie_021.mp4,/Users/ronelpoliak/Afeka/Final_Project/Deception-detection-learning/resources/wavfiles/audio_real_life_deception_trial_lie_021.wav,audio_real_life_deception_trial_lie_021.csv,/Users/ronelpoliak/Afeka/Final_Project/Deception-detection-learning/resources/audio_features/arff_files_full_video/audio_real_life_deception_trial_lie_021.csv,/Users/ronelpoliak/Afeka/Final_Project/Deception-detection-learning/resources/audio_features/arff_files_frame_wise/audio_real_life_deception_trial_lie_021.csv,Deceptive
/Users/ronelpoliak/Afeka/Final_Project/Deception-detection-learning/datasets/trial_testimonies/Deceptive/trial_lie_009.mp4,/Users/ronelpoliak/Afeka/Final_Project/Deception-detection-learning/resources/wavfiles/audio_real_life_deception_trial_lie_009.wav,audio_real_life_deception_trial_lie_009.csv,/Users/ronelpoliak/Afeka/Final_Project/Deception-detection-learning/resources/audio_features/arff_files_full_video/audio_real_life_deception_trial_lie_009.csv,/Users/ronelpoliak/Afeka/Final_Project/Deception-detection-learning/resources/audio_features/arff_files_frame_wise/audio_real_life_deception_trial_lie_009.csv,Deceptive
/Users/ronelpoliak/Afeka/Final_Project/Deception-detection-learning/datasets/trial_testimonies/Deceptive/trial_lie_008.mp4,/Users/ronelpoliak/Afeka/Final_Project/Deception-detection-learning/resources/wavfiles/audio_real_life_deception_trial_lie_008.wav,audio_real_life_deception_trial_lie_008.csv,/Users/ronelpoliak/Afeka/Final_Project/Deception-detection-learning/resources/audio_features/arff_files_full_video/audio_real_life_deception_trial_lie_008.csv,/Users/ronelpoliak/Afeka/Final_Project/Deception-detection-learning/resources/audio_features/arff_files_frame_wise/audio_real_life_deception_trial_lie_008.csv,Deceptive
/Users/ronelpoliak/Afeka/Final_Project/Deception-detection-learning/datasets/trial_testimonies/Deceptive/trial_lie_020.mp4,/Users/ronelpoliak/Afeka/Final_Project/Deception-detection-learning/resources/wavfiles/audio_real_life_deception_trial_lie_020.wav,audio_real_life_deception_trial_lie_020.csv,/Users/ronelpoliak/Afeka/Final_Project/Deception-detection-learning/resources/audio_features/arff_files_full_video/audio_real_life_deception_trial_lie_020.csv,/Users/ronelpoliak/Afeka/Final_Project/Deception-detection-learning/resources/audio_features/arff_files_frame_wise/audio_real_life_deception_trial_lie_020.csv,Deceptive
/Users/ronelpoliak/Afeka/Final_Project/Deception-detection-learning/datasets/trial_testimonies/Deceptive/trial_lie_034.mp4,/Users/ronelpoliak/Afeka/Final_Project/Deception-detection-learning/resources/wavfiles/audio_real_life_deception_trial_lie_034.wav,audio_real_life_deception_trial_lie_034.csv,/Users/ronelpoliak/Afeka/Final_Project/Deception-detection-learning/resources/audio_features/arff_files_full_video/audio_real_life_deception_trial_lie_034.csv,/Users/ronelpoliak/Afeka/Final_Project/Deception-detection-learning/resources/audio_features/arff_files_frame_wise/audio_real_life_deception_trial_lie_034.csv,Deceptive
/Users/ronelpoliak/Afeka/Final_Project/Deception-detection-learning/datasets/trial_testimonies/Deceptive/trial_lie_018.mp4,/Users/ronelpoliak/Afeka/Final_Project/Deception-detection-learning/resources/wavfiles/audio_real_life_deception_trial_lie_018.wav,audio_real_life_deception_trial_lie_018.csv,/Users/ronelpoliak/Afeka/Final_Project/Deception-detection-learning/resources/audio_features/arff_files_full_video/audio_real_life_deception_trial_lie_018.csv,/Users/ronelpoliak/Afeka/Final_Project/Deception-detection-learning/resources/audio_features/arff_files_frame_wise/audio_real_life_deception_trial_lie_018.csv,Deceptive
/Users/ronelpoliak/Afeka/Final_Project/Deception-detection-learning/datasets/trial_testimonies/Deceptive/trial_lie_030.mp4,/Users/ronelpoliak/Afeka/Final_Project/Deception-detection-learning/resources/wavfiles/audio_real_life_deception_trial_lie_030.wav,audio_real_life_deception_trial_lie_030.csv,/Users/ronelpoliak/Afeka/Final_Project/Deception-detection-learning/resources/audio_features/arff_files_full_video/audio_real_life_deception_trial_lie_030.csv,/Users/ronelpoliak/Afeka/Final_Project/Deception-detection-learning/resources/audio_features/arff_files_frame_wise/audio_real_life_deception_trial_lie_030.csv,Deceptive
/Users/ronelpoliak/Afeka/Final_Project/Deception-detection-learning/datasets/trial_testimonies/Deceptive/trial_lie_024.mp4,/Users/ronelpoliak/Afeka/Final_Project/Deception-detection-learning/resources/wavfiles/audio_real_life_deception_trial_lie_024.wav,audio_real_life_deception_trial_lie_024.csv,/Users/ronelpoliak/Afeka/Final_Project/Deception-detection-learning/resources/audio_features/arff_files_full_video/audio_real_life_deception_trial_lie_024.csv,/Users/ronelpoliak/Afeka/Final_Project/Deception-detection-learning/resources/audio_features/arff_files_frame_wise/audio_real_life_deception_trial_lie_024.csv,Deceptive
/Users/ronelpoliak/Afeka/Final_Project/Deception-detection-learning/datasets/trial_testimonies/Deceptive/trial_lie_025.mp4,/Users/ronelpoliak/Afeka/Final_Project/Deception-detection-learning/resources/wavfiles/audio_real_life_deception_trial_lie_025.wav,audio_real_life_deception_trial_lie_025.csv,/Users/ronelpoliak/Afeka/Final_Project/Deception-detection-learning/resources/audio_features/arff_files_full_video/audio_real_life_deception_trial_lie_025.csv,/Users/ronelpoliak/Afeka/Final_Project/Deception-detection-learning/resources/audio_features/arff_files_frame_wise/audio_real_life_deception_trial_lie_025.csv,Deceptive
/Users/ronelpoliak/Afeka/Final_Project/Deception-detection-learning/datasets/trial_testimonies/Deceptive/trial_lie_031.mp4,/Users/ronelpoliak/Afeka/Final_Project/Deception-detection-learning/resources/wavfiles/audio_real_life_deception_trial_lie_031.wav,audio_real_life_deception_trial_lie_031.csv,/Users/ronelpoliak/Afeka/Final_Project/Deception-detection-learning/resources/audio_features/arff_files_full_video/audio_real_life_deception_trial_lie_031.csv,/Users/ronelpoliak/Afeka/Final_Project/Deception-detection-learning/resources/audio_features/arff_files_frame_wise/audio_real_life_deception_trial_lie_031.csv,Deceptive
/Users/ronelpoliak/Afeka/Final_Project/Deception-detection-learning/datasets/trial_testimonies/Deceptive/trial_lie_019.mp4,/Users/ronelpoliak/Afeka/Final_Project/Deception-detection-learning/resources/wavfiles/audio_real_life_deception_trial_lie_019.wav,audio_real_life_deception_trial_lie_019.csv,/Users/ronelpoliak/Afeka/Final_Project/Deception-detection-learning/resources/audio_features/arff_files_full_video/audio_real_life_deception_trial_lie_019.csv,/Users/ronelpoliak/Afeka/Final_Project/Deception-detection-learning/resources/audio_features/arff_files_frame_wise/audio_real_life_deception_trial_lie_019.csv,Deceptive
/Users/ronelpoliak/Afeka/Final_Project/Deception-detection-learning/datasets/trial_testimonies/Deceptive/trial_lie_027.mp4,/Users/ronelpoliak/Afeka/Final_Project/Deception-detection-learning/resources/wavfiles/audio_real_life_deception_trial_lie_027.wav,audio_real_life_deception_trial_lie_027.csv,/Users/ronelpoliak/Afeka/Final_Project/Deception-detection-learning/resources/audio_features/arff_files_full_video/audio_real_life_deception_trial_lie_027.csv,/Users/ronelpoliak/Afeka/Final_Project/Deception-detection-learning/resources/audio_features/arff_files_frame_wise/audio_real_life_deception_trial_lie_027.csv,Deceptive
/Users/ronelpoliak/Afeka/Final_Project/Deception-detection-learning/datasets/trial_testimonies/Deceptive/trial_lie_033.mp4,/Users/ronelpoliak/Afeka/Final_Project/Deception-detection-learning/resources/wavfiles/audio_real_life_deception_trial_lie_033.wav,audio_real_life_deception_trial_lie_033.csv,/Users/ronelpoliak/Afeka/Final_Project/Deception-detection-learning/resources/audio_features/arff_files_full_video/audio_real_life_deception_trial_lie_033.csv,/Users/ronelpoliak/Afeka/Final_Project/Deception-detection-learning/resources/audio_features/arff_files_frame_wise/audio_real_life_deception_trial_lie_033.csv,Deceptive
/Users/ronelpoliak/Afeka/Final_Project/Deception-detection-learning/datasets/trial_testimonies/Deceptive/trial_lie_032.mp4,/Users/ronelpoliak/Afeka/Final_Project/Deception-detection-learning/resources/wavfiles/audio_real_life_deception_trial_lie_032.wav,audio_real_life_deception_trial_lie_032.csv,/Users/ronelpoliak/Afeka/Final_Project/Deception-detection-learning/resources/audio_features/arff_files_full_video/audio_real_life_deception_trial_lie_032.csv,/Users/ronelpoliak/Afeka/Final_Project/Deception-detection-learning/resources/audio_features/arff_files_frame_wise/audio_real_life_deception_trial_lie_032.csv,Deceptive
/Users/ronelpoliak/Afeka/Final_Project/Deception-detection-learning/datasets/trial_testimonies/Deceptive/trial_lie_026.mp4,/Users/ronelpoliak/Afeka/Final_Project/Deception-detection-learning/resources/wavfiles/audio_real_life_deception_trial_lie_026.wav,audio_real_life_deception_trial_lie_026.csv,/Users/ronelpoliak/Afeka/Final_Project/Deception-detection-learning/resources/audio_features/arff_files_full_video/audio_real_life_deception_trial_lie_026.csv,/Users/ronelpoliak/Afeka/Final_Project/Deception-detection-learning/resources/audio_features/arff_files_frame_wise/audio_real_life_deception_trial_lie_026.csv,Deceptive
/Users/ronelpoliak/Afeka/Final_Project/Deception-detection-learning/datasets/trial_testimonies/Deceptive/trial_lie_003.mp4,/Users/ronelpoliak/Afeka/Final_Project/Deception-detection-learning/resources/wavfiles/audio_real_life_deception_trial_lie_003.wav,audio_real_life_deception_trial_lie_003.csv,/Users/ronelpoliak/Afeka/Final_Project/Deception-detection-learning/resources/audio_features/arff_files_full_video/audio_real_life_deception_trial_lie_003.csv,/Users/ronelpoliak/Afeka/Final_Project/Deception-detection-learning/resources/audio_features/arff_files_frame_wise/audio_real_life_deception_trial_lie_003.csv,Deceptive
/Users/ronelpoliak/Afeka/Final_Project/Deception-detection-learning/datasets/trial_testimonies/Deceptive/trial_lie_017.mp4,/Users/ronelpoliak/Afeka/Final_Project/Deception-detection-learning/resources/wavfiles/audio_real_life_deception_trial_lie_017.wav,audio_real_life_deception_trial_lie_017.csv,/Users/ronelpoliak/Afeka/Final_Project/Deception-detection-learning/resources/audio_features/arff_files_full_video/audio_real_life_deception_trial_lie_017.csv,/Users/ronelpoliak/Afeka/Final_Project/Deception-detection-learning/resources/audio_features/arff_files_frame_wise/audio_real_life_deception_trial_lie_017.csv,Deceptive
/Users/ronelpoliak/Afeka/Final_Project/Deception-detection-learning/datasets/trial_testimonies/Deceptive/trial_lie_016.mp4,/Users/ronelpoliak/Afeka/Final_Project/Deception-detection-learning/resources/wavfiles/audio_real_life_deception_trial_lie_016.wav,audio_real_life_deception_trial_lie_016.csv,/Users/ronelpoliak/Afeka/Final_Project/Deception-detection-learning/resources/audio_features/arff_files_full_video/audio_real_life_deception_trial_lie_016.csv,/Users/ronelpoliak/Afeka/Final_Project/Deception-detection-learning/resources/audio_features/arff_files_frame_wise/audio_real_life_deception_trial_lie_016.csv,Deceptive
/Users/ronelpoliak/Afeka/Final_Project/Deception-detection-learning/datasets/trial_testimonies/Deceptive/trial_lie_002.mp4,/Users/ronelpoliak/Afeka/Final_Project/Deception-detection-learning/resources/wavfiles/audio_real_life_deception_trial_lie_002.wav,audio_real_life_deception_trial_lie_002.csv,/Users/ronelpoliak/Afeka/Final_Project/Deception-detection-learning/resources/audio_features/arff_files_full_video/audio_real_life_deception_trial_lie_002.csv,/Users/ronelpoliak/Afeka/Final_Project/Deception-detection-learning/resources/audio_features/arff_files_frame_wise/audio_real_life_deception_trial_lie_002.csv,Deceptive
/Users/ronelpoliak/Afeka/Final_Project/Deception-detection-learning/datasets/trial_testimonies/Deceptive/trial_lie_014.mp4,/Users/ronelpoliak/Afeka/Final_Project/Deception-detection-learning/resources/wavfiles/audio_real_life_deception_trial_lie_014.wav,audio_real_life_deception_trial_lie_014.csv,/Users/ronelpoliak/Afeka/Final_Project/Deception-detection-learning/resources/audio_features/arff_files_full_video/audio_real_life_deception_trial_lie_014.csv,/Users/ronelpoliak/Afeka/Final_Project/Deception-detection-learning/resources/audio_features/arff_files_frame_wise/audio_real_life_deception_trial_lie_014.csv,Deceptive
/Users/ronelpoliak/Afeka/Final_Project/Deception-detection-learning/datasets/trial_testimonies/Deceptive/trial_lie_028.mp4,/Users/ronelpoliak/Afeka/Final_Project/Deception-detection-learning/resources/wavfiles/audio_real_life_deception_trial_lie_028.wav,audio_real_life_deception_trial_lie_028.csv,/Users/ronelpoliak/Afeka/Final_Project/Deception-detection-learning/resources/audio_features/arff_files_full_video/audio_real_life_deception_trial_lie_028.csv,/Users/ronelpoliak/Afeka/Final_Project/Deception-detection-learning/resources/audio_features/arff_files_frame_wise/audio_real_life_deception_trial_lie_028.csv,Deceptive
/Users/ronelpoliak/Afeka/Final_Project/Deception-detection-learning/datasets/trial_testimonies/Deceptive/trial_lie_029.mp4,/Users/ronelpoliak/Afeka/Final_Project/Deception-detection-learning/resources/wavfiles/audio_real_life_deception_trial_lie_029.wav,audio_real_life_deception_trial_lie_029.csv,/Users/ronelpoliak/Afeka/Final_Project/Deception-detection-learning/resources/audio_features/arff_files_full_video/audio_real_life_deception_trial_lie_029.csv,/Users/ronelpoliak/Afeka/Final_Project/Deception-detection-learning/resources/audio_features/arff_files_frame_wise/audio_real_life_deception_trial_lie_029.csv,Deceptive
/Users/ronelpoliak/Afeka/Final_Project/Deception-detection-learning/datasets/trial_testimonies/Deceptive/trial_lie_001.mp4,/Users/ronelpoliak/Afeka/Final_Project/Deception-detection-learning/resources/wavfiles/audio_real_life_deception_trial_lie_001.wav,audio_real_life_deception_trial_lie_001.csv,/Users/ronelpoliak/Afeka/Final_Project/Deception-detection-learning/resources/audio_features/arff_files_full_video/audio_real_life_deception_trial_lie_001.csv,/Users/ronelpoliak/Afeka/Final_Project/Deception-detection-learning/resources/audio_features/arff_files_frame_wise/audio_real_life_deception_trial_lie_001.csv,Deceptive
/Users/ronelpoliak/Afeka/Final_Project/Deception-detection-learning/datasets/trial_testimonies/Deceptive/trial_lie_015.mp4,/Users/ronelpoliak/Afeka/Final_Project/Deception-detection-learning/resources/wavfiles/audio_real_life_deception_trial_lie_015.wav,audio_real_life_deception_trial_lie_015.csv,/Users/ronelpoliak/Afeka/Final_Project/Deception-detection-learning/resources/audio_features/arff_files_full_video/audio_real_life_deception_trial_lie_015.csv,/Users/ronelpoliak/Afeka/Final_Project/Deception-detection-learning/resources/audio_features/arff_files_frame_wise/audio_real_life_deception_trial_lie_015.csv,Deceptive
/Users/ronelpoliak/Afeka/Final_Project/Deception-detection-learning/datasets/trial_testimonies/Deceptive/trial_lie_039.mp4,/Users/ronelpoliak/Afeka/Final_Project/Deception-detection-learning/resources/wavfiles/audio_real_life_deception_trial_lie_039.wav,audio_real_life_deception_trial_lie_039.csv,/Users/ronelpoliak/Afeka/Final_Project/Deception-detection-learning/resources/audio_features/arff_files_full_video/audio_real_life_deception_trial_lie_039.csv,/Users/ronelpoliak/Afeka/Final_Project/Deception-detection-learning/resources/audio_features/arff_files_frame_wise/audio_real_life_deception_trial_lie_039.csv,Deceptive
/Users/ronelpoliak/Afeka/Final_Project/Deception-detection-learning/datasets/trial_testimonies/Deceptive/trial_lie_011.mp4,/Users/ronelpoliak/Afeka/Final_Project/Deception-detection-learning/resources/wavfiles/audio_real_life_deception_trial_lie_011.wav,audio_real_life_deception_trial_lie_011.csv,/Users/ronelpoliak/Afeka/Final_Project/Deception-detection-learning/resources/audio_features/arff_files_full_video/audio_real_life_deception_trial_lie_011.csv,/Users/ronelpoliak/Afeka/Final_Project/Deception-detection-learning/resources/audio_features/arff_files_frame_wise/audio_real_life_deception_trial_lie_011.csv,Deceptive
/Users/ronelpoliak/Afeka/Final_Project/Deception-detection-learning/datasets/trial_testimonies/Deceptive/trial_lie_005.mp4,/Users/ronelpoliak/Afeka/Final_Project/Deception-detection-learning/resources/wavfiles/audio_real_life_deception_trial_lie_005.wav,audio_real_life_deception_trial_lie_005.csv,/Users/ronelpoliak/Afeka/Final_Project/Deception-detection-learning/resources/audio_features/arff_files_full_video/audio_real_life_deception_trial_lie_005.csv,/Users/ronelpoliak/Afeka/Final_Project/Deception-detection-learning/resources/audio_features/arff_files_frame_wise/audio_real_life_deception_trial_lie_005.csv,Deceptive
/Users/ronelpoliak/Afeka/Final_Project/Deception-detection-learning/datasets/trial_testimonies/Deceptive/trial_lie_004.mp4,/Users/ronelpoliak/Afeka/Final_Project/Deception-detection-learning/resources/wavfiles/audio_real_life_deception_trial_lie_004.wav,audio_real_life_deception_trial_lie_004.csv,/Users/ronelpoliak/Afeka/Final_Project/Deception-detection-learning/resources/audio_features/arff_files_full_video/audio_real_life_deception_trial_lie_004.csv,/Users/ronelpoliak/Afeka/Final_Project/Deception-detection-learning/resources/audio_features/arff_files_frame_wise/audio_real_life_deception_trial_lie_004.csv,Deceptive
/Users/ronelpoliak/Afeka/Final_Project/Deception-detection-learning/datasets/trial_testimonies/Deceptive/trial_lie_010.mp4,/Users/ronelpoliak/Afeka/Final_Project/Deception-detection-learning/resources/wavfiles/audio_real_life_deception_trial_lie_010.wav,audio_real_life_deception_trial_lie_010.csv,/Users/ronelpoliak/Afeka/Final_Project/Deception-detection-learning/resources/audio_features/arff_files_full_video/audio_real_life_deception_trial_lie_010.csv,/Users/ronelpoliak/Afeka/Final_Project/Deception-detection-learning/resources/audio_features/arff_files_frame_wise/audio_real_life_deception_trial_lie_010.csv,Deceptive
/Users/ronelpoliak/Afeka/Final_Project/Deception-detection-learning/datasets/trial_testimonies/Deceptive/trial_lie_038.mp4,/Users/ronelpoliak/Afeka/Final_Project/Deception-detection-learning/resources/wavfiles/audio_real_life_deception_trial_lie_038.wav,audio_real_life_deception_trial_lie_038.csv,/Users/ronelpoliak/Afeka/Final_Project/Deception-detection-learning/resources/audio_features/arff_files_full_video/audio_real_life_deception_trial_lie_038.csv,/Users/ronelpoliak/Afeka/Final_Project/Deception-detection-learning/resources/audio_features/arff_files_frame_wise/audio_real_life_deception_trial_lie_038.csv,Deceptive
/Users/ronelpoliak/Afeka/Final_Project/Deception-detection-learning/datasets/trial_testimonies/Deceptive/trial_lie_006.mp4,/Users/ronelpoliak/Afeka/Final_Project/Deception-detection-learning/resources/wavfiles/audio_real_life_deception_trial_lie_006.wav,audio_real_life_deception_trial_lie_006.csv,/Users/ronelpoliak/Afeka/Final_Project/Deception-detection-learning/resources/audio_features/arff_files_full_video/audio_real_life_deception_trial_lie_006.csv,/Users/ronelpoliak/Afeka/Final_Project/Deception-detection-learning/resources/audio_features/arff_files_frame_wise/audio_real_life_deception_trial_lie_006.csv,Deceptive
/Users/ronelpoliak/Afeka/Final_Project/Deception-detection-learning/datasets/trial_testimonies/Deceptive/trial_lie_012.mp4,/Users/ronelpoliak/Afeka/Final_Project/Deception-detection-learning/resources/wavfiles/audio_real_life_deception_trial_lie_012.wav,audio_real_life_deception_trial_lie_012.csv,/Users/ronelpoliak/Afeka/Final_Project/Deception-detection-learning/resources/audio_features/arff_files_full_video/audio_real_life_deception_trial_lie_012.csv,/Users/ronelpoliak/Afeka/Final_Project/Deception-detection-learning/resources/audio_features/arff_files_frame_wise/audio_real_life_deception_trial_lie_012.csv,Deceptive
/Users/ronelpoliak/Afeka/Final_Project/Deception-detection-learning/datasets/trial_testimonies/Deceptive/trial_lie_013.mp4,/Users/ronelpoliak/Afeka/Final_Project/Deception-detection-learning/resources/wavfiles/audio_real_life_deception_trial_lie_013.wav,audio_real_life_deception_trial_lie_013.csv,/Users/ronelpoliak/Afeka/Final_Project/Deception-detection-learning/resources/audio_features/arff_files_full_video/audio_real_life_deception_trial_lie_013.csv,/Users/ronelpoliak/Afeka/Final_Project/Deception-detection-learning/resources/audio_features/arff_files_frame_wise/audio_real_life_deception_trial_lie_013.csv,Deceptive
/Users/ronelpoliak/Afeka/Final_Project/Deception-detection-learning/datasets/trial_testimonies/Deceptive/trial_lie_007.mp4,/Users/ronelpoliak/Afeka/Final_Project/Deception-detection-learning/resources/wavfiles/audio_real_life_deception_trial_lie_007.wav,audio_real_life_deception_trial_lie_007.csv,/Users/ronelpoliak/Afeka/Final_Project/Deception-detection-learning/resources/audio_features/arff_files_full_video/audio_real_life_deception_trial_lie_007.csv,/Users/ronelpoliak/Afeka/Final_Project/Deception-detection-learning/resources/audio_features/arff_files_frame_wise/audio_real_life_deception_trial_lie_007.csv,Deceptive
/Users/ronelpoliak/Afeka/Final_Project/Deception-detection-learning/datasets/trial_testimonies/Deceptive/trial_lie_060.mp4,/Users/ronelpoliak/Afeka/Final_Project/Deception-detection-learning/resources/wavfiles/audio_real_life_deception_trial_lie_060.wav,audio_real_life_deception_trial_lie_060.csv,/Users/ronelpoliak/Afeka/Final_Project/Deception-detection-learning/resources/audio_features/arff_files_full_video/audio_real_life_deception_trial_lie_060.csv,/Users/ronelpoliak/Afeka/Final_Project/Deception-detection-learning/resources/audio_features/arff_files_frame_wise/audio_real_life_deception_trial_lie_060.csv,Deceptive
/Users/ronelpoliak/Afeka/Final_Project/Deception-detection-learning/datasets/trial_testimonies/Deceptive/trial_lie_048.mp4,/Users/ronelpoliak/Afeka/Final_Project/Deception-detection-learning/resources/wavfiles/audio_real_life_deception_trial_lie_048.wav,audio_real_life_deception_trial_lie_048.csv,/Users/ronelpoliak/Afeka/Final_Project/Deception-detection-learning/resources/audio_features/arff_files_full_video/audio_real_life_deception_trial_lie_048.csv,/Users/ronelpoliak/Afeka/Final_Project/Deception-detection-learning/resources/audio_features/arff_files_frame_wise/audio_real_life_deception_trial_lie_048.csv,Deceptive
/Users/ronelpoliak/Afeka/Final_Project/Deception-detection-learning/datasets/trial_testimonies/Deceptive/trial_lie_049.mp4,/Users/ronelpoliak/Afeka/Final_Project/Deception-detection-learning/resources/wavfiles/audio_real_life_deception_trial_lie_049.wav,audio_real_life_deception_trial_lie_049.csv,/Users/ronelpoliak/Afeka/Final_Project/Deception-detection-learning/resources/audio_features/arff_files_full_video/audio_real_life_deception_trial_lie_049.csv,/Users/ronelpoliak/Afeka/Final_Project/Deception-detection-learning/resources/audio_features/arff_files_frame_wise/audio_real_life_deception_trial_lie_049.csv,Deceptive
/Users/ronelpoliak/Afeka/Final_Project/Deception-detection-learning/datasets/trial_testimonies/Deceptive/trial_lie_061.mp4,/Users/ronelpoliak/Afeka/Final_Project/Deception-detection-learning/resources/wavfiles/audio_real_life_deception_trial_lie_061.wav,audio_real_life_deception_trial_lie_061.csv,/Users/ronelpoliak/Afeka/Final_Project/Deception-detection-learning/resources/audio_features/arff_files_full_video/audio_real_life_deception_trial_lie_061.csv,/Users/ronelpoliak/Afeka/Final_Project/Deception-detection-learning/resources/audio_features/arff_files_frame_wise/audio_real_life_deception_trial_lie_061.csv,Deceptive
/Users/ronelpoliak/Afeka/Final_Project/Deception-detection-learning/datasets/trial_testimonies/Deceptive/trial_lie_059.mp4,/Users/ronelpoliak/Afeka/Final_Project/Deception-detection-learning/resources/wavfiles/audio_real_life_deception_trial_lie_059.wav,audio_real_life_deception_trial_lie_059.csv,/Users/ronelpoliak/Afeka/Final_Project/Deception-detection-learning/resources/audio_features/arff_files_full_video/audio_real_life_deception_trial_lie_059.csv,/Users/ronelpoliak/Afeka/Final_Project/Deception-detection-learning/resources/audio_features/arff_files_frame_wise/audio_real_life_deception_trial_lie_059.csv,Deceptive
/Users/ronelpoliak/Afeka/Final_Project/Deception-detection-learning/datasets/trial_testimonies/Deceptive/trial_lie_058.mp4,/Users/ronelpoliak/Afeka/Final_Project/Deception-detection-learning/resources/wavfiles/audio_real_life_deception_trial_lie_058.wav,audio_real_life_deception_trial_lie_058.csv,/Users/ronelpoliak/Afeka/Final_Project/Deception-detection-learning/resources/audio_features/arff_files_full_video/audio_real_life_deception_trial_lie_058.csv,/Users/ronelpoliak/Afeka/Final_Project/Deception-detection-learning/resources/audio_features/arff_files_frame_wise/audio_real_life_deception_trial_lie_058.csv,Deceptive
/Users/ronelpoliak/Afeka/Final_Project/Deception-detection-learning/datasets/trial_testimonies/Truthful/trial_truth_056.mp4,/Users/ronelpoliak/Afeka/Final_Project/Deception-detection-learning/resources/wavfiles/audio_real_life_deception_trial_truth_056.wav,audio_real_life_deception_trial_truth_056.csv,/Users/ronelpoliak/Afeka/Final_Project/Deception-detection-learning/resources/audio_features/arff_files_full_video/audio_real_life_deception_trial_truth_056.csv,/Users/ronelpoliak/Afeka/Final_Project/Deception-detection-learning/resources/audio_features/arff_files_frame_wise/audio_real_life_deception_trial_truth_056.csv,Truthful
/Users/ronelpoliak/Afeka/Final_Project/Deception-detection-learning/datasets/trial_testimonies/Truthful/trial_truth_042.mp4,/Users/ronelpoliak/Afeka/Final_Project/Deception-detection-learning/resources/wavfiles/audio_real_life_deception_trial_truth_042.wav,audio_real_life_deception_trial_truth_042.csv,/Users/ronelpoliak/Afeka/Final_Project/Deception-detection-learning/resources/audio_features/arff_files_full_video/audio_real_life_deception_trial_truth_042.csv,/Users/ronelpoliak/Afeka/Final_Project/Deception-detection-learning/resources/audio_features/arff_files_frame_wise/audio_real_life_deception_trial_truth_042.csv,Truthful
/Users/ronelpoliak/Afeka/Final_Project/Deception-detection-learning/datasets/trial_testimonies/Truthful/trial_truth_043.mp4,/Users/ronelpoliak/Afeka/Final_Project/Deception-detection-learning/resources/wavfiles/audio_real_life_deception_trial_truth_043.wav,audio_real_life_deception_trial_truth_043.csv,/Users/ronelpoliak/Afeka/Final_Project/Deception-detection-learning/resources/audio_features/arff_files_full_video/audio_real_life_deception_trial_truth_043.csv,/Users/ronelpoliak/Afeka/Final_Project/Deception-detection-learning/resources/audio_features/arff_files_frame_wise/audio_real_life_deception_trial_truth_043.csv,Truthful
/Users/ronelpoliak/Afeka/Final_Project/Deception-detection-learning/datasets/trial_testimonies/Truthful/trial_truth_057.mp4,/Users/ronelpoliak/Afeka/Final_Project/Deception-detection-learning/resources/wavfiles/audio_real_life_deception_trial_truth_057.wav,audio_real_life_deception_trial_truth_057.csv,/Users/ronelpoliak/Afeka/Final_Project/Deception-detection-learning/resources/audio_features/arff_files_full_video/audio_real_life_deception_trial_truth_057.csv,/Users/ronelpoliak/Afeka/Final_Project/Deception-detection-learning/resources/audio_features/arff_files_frame_wise/audio_real_life_deception_trial_truth_057.csv,Truthful
/Users/ronelpoliak/Afeka/Final_Project/Deception-detection-learning/datasets/trial_testimonies/Truthful/trial_truth_041.mp4,/Users/ronelpoliak/Afeka/Final_Project/Deception-detection-learning/resources/wavfiles/audio_real_life_deception_trial_truth_041.wav,audio_real_life_deception_trial_truth_041.csv,/Users/ronelpoliak/Afeka/Final_Project/Deception-detection-learning/resources/audio_features/arff_files_full_video/audio_real_life_deception_trial_truth_041.csv,/Users/ronelpoliak/Afeka/Final_Project/Deception-detection-learning/resources/audio_features/arff_files_frame_wise/audio_real_life_deception_trial_truth_041.csv,Truthful
/Users/ronelpoliak/Afeka/Final_Project/Deception-detection-learning/datasets/trial_testimonies/Truthful/trial_truth_055.mp4,/Users/ronelpoliak/Afeka/Final_Project/Deception-detection-learning/resources/wavfiles/audio_real_life_deception_trial_truth_055.wav,audio_real_life_deception_trial_truth_055.csv,/Users/ronelpoliak/Afeka/Final_Project/Deception-detection-learning/resources/audio_features/arff_files_full_video/audio_real_life_deception_trial_truth_055.csv,/Users/ronelpoliak/Afeka/Final_Project/Deception-detection-learning/resources/audio_features/arff_files_frame_wise/audio_real_life_deception_trial_truth_055.csv,Truthful
/Users/ronelpoliak/Afeka/Final_Project/Deception-detection-learning/datasets/trial_testimonies/Truthful/trial_truth_054.mp4,/Users/ronelpoliak/Afeka/Final_Project/Deception-detection-learning/resources/wavfiles/audio_real_life_deception_trial_truth_054.wav,audio_real_life_deception_trial_truth_054.csv,/Users/ronelpoliak/Afeka/Final_Project/Deception-detection-learning/resources/audio_features/arff_files_full_video/audio_real_life_deception_trial_truth_054.csv,/Users/ronelpoliak/Afeka/Final_Project/Deception-detection-learning/resources/audio_features/arff_files_frame_wise/audio_real_life_deception_trial_truth_054.csv,Truthful
/Users/ronelpoliak/Afeka/Final_Project/Deception-detection-learning/datasets/trial_testimonies/Truthful/trial_truth_040.mp4,/Users/ronelpoliak/Afeka/Final_Project/Deception-detection-learning/resources/wavfiles/audio_real_life_deception_trial_truth_040.wav,audio_real_life_deception_trial_truth_040.csv,/Users/ronelpoliak/Afeka/Final_Project/Deception-detection-learning/resources/audio_features/arff_files_full_video/audio_real_life_deception_trial_truth_040.csv,/Users/ronelpoliak/Afeka/Final_Project/Deception-detection-learning/resources/audio_features/arff_files_frame_wise/audio_real_life_deception_trial_truth_040.csv,Truthful
/Users/ronelpoliak/Afeka/Final_Project/Deception-detection-learning/datasets/trial_testimonies/Truthful/trial_truth_044.mp4,/Users/ronelpoliak/Afeka/Final_Project/Deception-detection-learning/resources/wavfiles/audio_real_life_deception_trial_truth_044.wav,audio_real_life_deception_trial_truth_044.csv,/Users/ronelpoliak/Afeka/Final_Project/Deception-detection-learning/resources/audio_features/arff_files_full_video/audio_real_life_deception_trial_truth_044.csv,/Users/ronelpoliak/Afeka/Final_Project/Deception-detection-learning/resources/audio_features/arff_files_frame_wise/audio_real_life_deception_trial_truth_044.csv,Truthful
/Users/ronelpoliak/Afeka/Final_Project/Deception-detection-learning/datasets/trial_testimonies/Truthful/trial_truth_050.mp4,/Users/ronelpoliak/Afeka/Final_Project/Deception-detection-learning/resources/wavfiles/audio_real_life_deception_trial_truth_050.wav,audio_real_life_deception_trial_truth_050.csv,/Users/ronelpoliak/Afeka/Final_Project/Deception-detection-learning/resources/audio_features/arff_files_full_video/audio_real_life_deception_trial_truth_050.csv,/Users/ronelpoliak/Afeka/Final_Project/Deception-detection-learning/resources/audio_features/arff_files_frame_wise/audio_real_life_deception_trial_truth_050.csv,Truthful
/Users/ronelpoliak/Afeka/Final_Project/Deception-detection-learning/datasets/trial_testimonies/Truthful/trial_truth_051.mp4,/Users/ronelpoliak/Afeka/Final_Project/Deception-detection-learning/resources/wavfiles/audio_real_life_deception_trial_truth_051.wav,audio_real_life_deception_trial_truth_051.csv,/Users/ronelpoliak/Afeka/Final_Project/Deception-detection-learning/resources/audio_features/arff_files_full_video/audio_real_life_deception_trial_truth_051.csv,/Users/ronelpoliak/Afeka/Final_Project/Deception-detection-learning/resources/audio_features/arff_files_frame_wise/audio_real_life_deception_trial_truth_051.csv,Truthful
/Users/ronelpoliak/Afeka/Final_Project/Deception-detection-learning/datasets/trial_testimonies/Truthful/trial_truth_045.mp4,/Users/ronelpoliak/Afeka/Final_Project/Deception-detection-learning/resources/wavfiles/audio_real_life_deception_trial_truth_045.wav,audio_real_life_deception_trial_truth_045.csv,/Users/ronelpoliak/Afeka/Final_Project/Deception-detection-learning/resources/audio_features/arff_files_full_video/audio_real_life_deception_trial_truth_045.csv,/Users/ronelpoliak/Afeka/Final_Project/Deception-detection-learning/resources/audio_features/arff_files_frame_wise/audio_real_life_deception_trial_truth_045.csv,Truthful
/Users/ronelpoliak/Afeka/Final_Project/Deception-detection-learning/datasets/trial_testimonies/Truthful/trial_truth_053.mp4,/Users/ronelpoliak/Afeka/Final_Project/Deception-detection-learning/resources/wavfiles/audio_real_life_deception_trial_truth_053.wav,audio_real_life_deception_trial_truth_053.csv,/Users/ronelpoliak/Afeka/Final_Project/Deception-detection-learning/resources/audio_features/arff_files_full_video/audio_real_life_deception_trial_truth_053.csv,/Users/ronelpoliak/Afeka/Final_Project/Deception-detection-learning/resources/audio_features/arff_files_frame_wise/audio_real_life_deception_trial_truth_053.csv,Truthful
/Users/ronelpoliak/Afeka/Final_Project/Deception-detection-learning/datasets/trial_testimonies/Truthful/trial_truth_047.mp4,/Users/ronelpoliak/Afeka/Final_Project/Deception-detection-learning/resources/wavfiles/audio_real_life_deception_trial_truth_047.wav,audio_real_life_deception_trial_truth_047.csv,/Users/ronelpoliak/Afeka/Final_Project/Deception-detection-learning/resources/audio_features/arff_files_full_video/audio_real_life_deception_trial_truth_047.csv,/Users/ronelpoliak/Afeka/Final_Project/Deception-detection-learning/resources/audio_features/arff_files_frame_wise/audio_real_life_deception_trial_truth_047.csv,Truthful
/Users/ronelpoliak/Afeka/Final_Project/Deception-detection-learning/datasets/trial_testimonies/Truthful/trial_truth_046.mp4,/Users/ronelpoliak/Afeka/Final_Project/Deception-detection-learning/resources/wavfiles/audio_real_life_deception_trial_truth_046.wav,audio_real_life_deception_trial_truth_046.csv,/Users/ronelpoliak/Afeka/Final_Project/Deception-detection-learning/resources/audio_features/arff_files_full_video/audio_real_life_deception_trial_truth_046.csv,/Users/ronelpoliak/Afeka/Final_Project/Deception-detection-learning/resources/audio_features/arff_files_frame_wise/audio_real_life_deception_trial_truth_046.csv,Truthful
/Users/ronelpoliak/Afeka/Final_Project/Deception-detection-learning/datasets/trial_testimonies/Truthful/trial_truth_052.mp4,/Users/ronelpoliak/Afeka/Final_Project/Deception-detection-learning/resources/wavfiles/audio_real_life_deception_trial_truth_052.wav,audio_real_life_deception_trial_truth_052.csv,/Users/ronelpoliak/Afeka/Final_Project/Deception-detection-learning/resources/audio_features/arff_files_full_video/audio_real_life_deception_trial_truth_052.csv,/Users/ronelpoliak/Afeka/Final_Project/Deception-detection-learning/resources/audio_features/arff_files_frame_wise/audio_real_life_deception_trial_truth_052.csv,Truthful
/Users/ronelpoliak/Afeka/Final_Project/Deception-detection-learning/datasets/trial_testimonies/Truthful/trial_truth_035.mp4,/Users/ronelpoliak/Afeka/Final_Project/Deception-detection-learning/resources/wavfiles/audio_real_life_deception_trial_truth_035.wav,audio_real_life_deception_trial_truth_035.csv,/Users/ronelpoliak/Afeka/Final_Project/Deception-detection-learning/resources/audio_features/arff_files_full_video/audio_real_life_deception_trial_truth_035.csv,/Users/ronelpoliak/Afeka/Final_Project/Deception-detection-learning/resources/audio_features/arff_files_frame_wise/audio_real_life_deception_trial_truth_035.csv,Truthful
/Users/ronelpoliak/Afeka/Final_Project/Deception-detection-learning/datasets/trial_testimonies/Truthful/trial_truth_021.mp4,/Users/ronelpoliak/Afeka/Final_Project/Deception-detection-learning/resources/wavfiles/audio_real_life_deception_trial_truth_021.wav,audio_real_life_deception_trial_truth_021.csv,/Users/ronelpoliak/Afeka/Final_Project/Deception-detection-learning/resources/audio_features/arff_files_full_video/audio_real_life_deception_trial_truth_021.csv,/Users/ronelpoliak/Afeka/Final_Project/Deception-detection-learning/resources/audio_features/arff_files_frame_wise/audio_real_life_deception_trial_truth_021.csv,Truthful
/Users/ronelpoliak/Afeka/Final_Project/Deception-detection-learning/datasets/trial_testimonies/Truthful/trial_truth_009.mp4,/Users/ronelpoliak/Afeka/Final_Project/Deception-detection-learning/resources/wavfiles/audio_real_life_deception_trial_truth_009.wav,audio_real_life_deception_trial_truth_009.csv,/Users/ronelpoliak/Afeka/Final_Project/Deception-detection-learning/resources/audio_features/arff_files_full_video/audio_real_life_deception_trial_truth_009.csv,/Users/ronelpoliak/Afeka/Final_Project/Deception-detection-learning/resources/audio_features/arff_files_frame_wise/audio_real_life_deception_trial_truth_009.csv,Truthful
/Users/ronelpoliak/Afeka/Final_Project/Deception-detection-learning/datasets/trial_testimonies/Truthful/trial_truth_008.mp4,/Users/ronelpoliak/Afeka/Final_Project/Deception-detection-learning/resources/wavfiles/audio_real_life_deception_trial_truth_008.wav,audio_real_life_deception_trial_truth_008.csv,/Users/ronelpoliak/Afeka/Final_Project/Deception-detection-learning/resources/audio_features/arff_files_full_video/audio_real_life_deception_trial_truth_008.csv,/Users/ronelpoliak/Afeka/Final_Project/Deception-detection-learning/resources/audio_features/arff_files_frame_wise/audio_real_life_deception_trial_truth_008.csv,Truthful
/Users/ronelpoliak/Afeka/Final_Project/Deception-detection-learning/datasets/trial_testimonies/Truthful/trial_truth_020.mp4,/Users/ronelpoliak/Afeka/Final_Project/Deception-detection-learning/resources/wavfiles/audio_real_life_deception_trial_truth_020.wav,audio_real_life_deception_trial_truth_020.csv,/Users/ronelpoliak/Afeka/Final_Project/Deception-detection-learning/resources/audio_features/arff_files_full_video/audio_real_life_deception_trial_truth_020.csv,/Users/ronelpoliak/Afeka/Final_Project/Deception-detection-learning/resources/audio_features/arff_files_frame_wise/audio_real_life_deception_trial_truth_020.csv,Truthful
/Users/ronelpoliak/Afeka/Final_Project/Deception-detection-learning/datasets/trial_testimonies/Truthful/trial_truth_034.mp4,/Users/ronelpoliak/Afeka/Final_Project/Deception-detection-learning/resources/wavfiles/audio_real_life_deception_trial_truth_034.wav,audio_real_life_deception_trial_truth_034.csv,/Users/ronelpoliak/Afeka/Final_Project/Deception-detection-learning/resources/audio_features/arff_files_full_video/audio_real_life_deception_trial_truth_034.csv,/Users/ronelpoliak/Afeka/Final_Project/Deception-detection-learning/resources/audio_features/arff_files_frame_wise/audio_real_life_deception_trial_truth_034.csv,Truthful
/Users/ronelpoliak/Afeka/Final_Project/Deception-detection-learning/datasets/trial_testimonies/Truthful/trial_truth_022.mp4,/Users/ronelpoliak/Afeka/Final_Project/Deception-detection-learning/resources/wavfiles/audio_real_life_deception_trial_truth_022.wav,audio_real_life_deception_trial_truth_022.csv,/Users/ronelpoliak/Afeka/Final_Project/Deception-detection-learning/resources/audio_features/arff_files_full_video/audio_real_life_deception_trial_truth_022.csv,/Users/ronelpoliak/Afeka/Final_Project/Deception-detection-learning/resources/audio_features/arff_files_frame_wise/audio_real_life_deception_trial_truth_022.csv,Truthful
/Users/ronelpoliak/Afeka/Final_Project/Deception-detection-learning/datasets/trial_testimonies/Truthful/trial_truth_036.mp4,/Users/ronelpoliak/Afeka/Final_Project/Deception-detection-learning/resources/wavfiles/audio_real_life_deception_trial_truth_036.wav,audio_real_life_deception_trial_truth_036.csv,/Users/ronelpoliak/Afeka/Final_Project/Deception-detection-learning/resources/audio_features/arff_files_full_video/audio_real_life_deception_trial_truth_036.csv,/Users/ronelpoliak/Afeka/Final_Project/Deception-detection-learning/resources/audio_features/arff_files_frame_wise/audio_real_life_deception_trial_truth_036.csv,Truthful
/Users/ronelpoliak/Afeka/Final_Project/Deception-detection-learning/datasets/trial_testimonies/Truthful/trial_truth_037.mp4,/Users/ronelpoliak/Afeka/Final_Project/Deception-detection-learning/resources/wavfiles/audio_real_life_deception_trial_truth_037.wav,audio_real_life_deception_trial_truth_037.csv,/Users/ronelpoliak/Afeka/Final_Project/Deception-detection-learning/resources/audio_features/arff_files_full_video/audio_real_life_deception_trial_truth_037.csv,/Users/ronelpoliak/Afeka/Final_Project/Deception-detection-learning/resources/audio_features/arff_files_frame_wise/audio_real_life_deception_trial_truth_037.csv,Truthful
/Users/ronelpoliak/Afeka/Final_Project/Deception-detection-learning/datasets/trial_testimonies/Truthful/trial_truth_023.mp4,/Users/ronelpoliak/Afeka/Final_Project/Deception-detection-learning/resources/wavfiles/audio_real_life_deception_trial_truth_023.wav,audio_real_life_deception_trial_truth_023.csv,/Users/ronelpoliak/Afeka/Final_Project/Deception-detection-learning/resources/audio_features/arff_files_full_video/audio_real_life_deception_trial_truth_023.csv,/Users/ronelpoliak/Afeka/Final_Project/Deception-detection-learning/resources/audio_features/arff_files_frame_wise/audio_real_life_deception_trial_truth_023.csv,Truthful
/Users/ronelpoliak/Afeka/Final_Project/Deception-detection-learning/datasets/trial_testimonies/Truthful/trial_truth_027.mp4,/Users/ronelpoliak/Afeka/Final_Project/Deception-detection-learning/resources/wavfiles/audio_real_life_deception_trial_truth_027.wav,audio_real_life_deception_trial_truth_027.csv,/Users/ronelpoliak/Afeka/Final_Project/Deception-detection-learning/resources/audio_features/arff_files_full_video/audio_real_life_deception_trial_truth_027.csv,/Users/ronelpoliak/Afeka/Final_Project/Deception-detection-learning/resources/audio_features/arff_files_frame_wise/audio_real_life_deception_trial_truth_027.csv,Truthful
/Users/ronelpoliak/Afeka/Final_Project/Deception-detection-learning/datasets/trial_testimonies/Truthful/trial_truth_033.mp4,/Users/ronelpoliak/Afeka/Final_Project/Deception-detection-learning/resources/wavfiles/audio_real_life_deception_trial_truth_033.wav,audio_real_life_deception_trial_truth_033.csv,/Users/ronelpoliak/Afeka/Final_Project/Deception-detection-learning/resources/audio_features/arff_files_full_video/audio_real_life_deception_trial_truth_033.csv,/Users/ronelpoliak/Afeka/Final_Project/Deception-detection-learning/resources/audio_features/arff_files_frame_wise/audio_real_life_deception_trial_truth_033.csv,Truthful
/Users/ronelpoliak/Afeka/Final_Project/Deception-detection-learning/datasets/trial_testimonies/Truthful/trial_truth_032.mp4,/Users/ronelpoliak/Afeka/Final_Project/Deception-detection-learning/resources/wavfiles/audio_real_life_deception_trial_truth_032.wav,audio_real_life_deception_trial_truth_032.csv,/Users/ronelpoliak/Afeka/Final_Project/Deception-detection-learning/resources/audio_features/arff_files_full_video/audio_real_life_deception_trial_truth_032.csv,/Users/ronelpoliak/Afeka/Final_Project/Deception-detection-learning/resources/audio_features/arff_files_frame_wise/audio_real_life_deception_trial_truth_032.csv,Truthful
/Users/ronelpoliak/Afeka/Final_Project/Deception-detection-learning/datasets/trial_testimonies/Truthful/trial_truth_026.mp4,/Users/ronelpoliak/Afeka/Final_Project/Deception-detection-learning/resources/wavfiles/audio_real_life_deception_trial_truth_026.wav,audio_real_life_deception_trial_truth_026.csv,/Users/ronelpoliak/Afeka/Final_Project/Deception-detection-learning/resources/audio_features/arff_files_full_video/audio_real_life_deception_trial_truth_026.csv,/Users/ronelpoliak/Afeka/Final_Project/Deception-detection-learning/resources/audio_features/arff_files_frame_wise/audio_real_life_deception_trial_truth_026.csv,Truthful
/Users/ronelpoliak/Afeka/Final_Project/Deception-detection-learning/datasets/trial_testimonies/Truthful/trial_truth_018.mp4,/Users/ronelpoliak/Afeka/Final_Project/Deception-detection-learning/resources/wavfiles/audio_real_life_deception_trial_truth_018.wav,audio_real_life_deception_trial_truth_018.csv,/Users/ronelpoliak/Afeka/Final_Project/Deception-detection-learning/resources/audio_features/arff_files_full_video/audio_real_life_deception_trial_truth_018.csv,/Users/ronelpoliak/Afeka/Final_Project/Deception-detection-learning/resources/audio_features/arff_files_frame_wise/audio_real_life_deception_trial_truth_018.csv,Truthful
/Users/ronelpoliak/Afeka/Final_Project/Deception-detection-learning/datasets/trial_testimonies/Truthful/trial_truth_030.mp4,/Users/ronelpoliak/Afeka/Final_Project/Deception-detection-learning/resources/wavfiles/audio_real_life_deception_trial_truth_030.wav,audio_real_life_deception_trial_truth_030.csv,/Users/ronelpoliak/Afeka/Final_Project/Deception-detection-learning/resources/audio_features/arff_files_full_video/audio_real_life_deception_trial_truth_030.csv,/Users/ronelpoliak/Afeka/Final_Project/Deception-detection-learning/resources/audio_features/arff_files_frame_wise/audio_real_life_deception_trial_truth_030.csv,Truthful
/Users/ronelpoliak/Afeka/Final_Project/Deception-detection-learning/datasets/trial_testimonies/Truthful/trial_truth_024.mp4,/Users/ronelpoliak/Afeka/Final_Project/Deception-detection-learning/resources/wavfiles/audio_real_life_deception_trial_truth_024.wav,audio_real_life_deception_trial_truth_024.csv,/Users/ronelpoliak/Afeka/Final_Project/Deception-detection-learning/resources/audio_features/arff_files_full_video/audio_real_life_deception_trial_truth_024.csv,/Users/ronelpoliak/Afeka/Final_Project/Deception-detection-learning/resources/audio_features/arff_files_frame_wise/audio_real_life_deception_trial_truth_024.csv,Truthful
/Users/ronelpoliak/Afeka/Final_Project/Deception-detection-learning/datasets/trial_testimonies/Truthful/trial_truth_025.mp4,/Users/ronelpoliak/Afeka/Final_Project/Deception-detection-learning/resources/wavfiles/audio_real_life_deception_trial_truth_025.wav,audio_real_life_deception_trial_truth_025.csv,/Users/ronelpoliak/Afeka/Final_Project/Deception-detection-learning/resources/audio_features/arff_files_full_video/audio_real_life_deception_trial_truth_025.csv,/Users/ronelpoliak/Afeka/Final_Project/Deception-detection-learning/resources/audio_features/arff_files_frame_wise/audio_real_life_deception_trial_truth_025.csv,Truthful
/Users/ronelpoliak/Afeka/Final_Project/Deception-detection-learning/datasets/trial_testimonies/Truthful/trial_truth_031.mp4,/Users/ronelpoliak/Afeka/Final_Project/Deception-detection-learning/resources/wavfiles/audio_real_life_deception_trial_truth_031.wav,audio_real_life_deception_trial_truth_031.csv,/Users/ronelpoliak/Afeka/Final_Project/Deception-detection-learning/resources/audio_features/arff_files_full_video/audio_real_life_deception_trial_truth_031.csv,/Users/ronelpoliak/Afeka/Final_Project/Deception-detection-learning/resources/audio_features/arff_files_frame_wise/audio_real_life_deception_trial_truth_031.csv,Truthful
/Users/ronelpoliak/Afeka/Final_Project/Deception-detection-learning/datasets/trial_testimonies/Truthful/trial_truth_019.mp4,/Users/ronelpoliak/Afeka/Final_Project/Deception-detection-learning/resources/wavfiles/audio_real_life_deception_trial_truth_019.wav,audio_real_life_deception_trial_truth_019.csv,/Users/ronelpoliak/Afeka/Final_Project/Deception-detection-learning/resources/audio_features/arff_files_full_video/audio_real_life_deception_trial_truth_019.csv,/Users/ronelpoliak/Afeka/Final_Project/Deception-detection-learning/resources/audio_features/arff_files_frame_wise/audio_real_life_deception_trial_truth_019.csv,Truthful
/Users/ronelpoliak/Afeka/Final_Project/Deception-detection-learning/datasets/trial_testimonies/Truthful/trial_truth_014.mp4,/Users/ronelpoliak/Afeka/Final_Project/Deception-detection-learning/resources/wavfiles/audio_real_life_deception_trial_truth_014.wav,audio_real_life_deception_trial_truth_014.csv,/Users/ronelpoliak/Afeka/Final_Project/Deception-detection-learning/resources/audio_features/arff_files_full_video/audio_real_life_deception_trial_truth_014.csv,/Users/ronelpoliak/Afeka/Final_Project/Deception-detection-learning/resources/audio_features/arff_files_frame_wise/audio_real_life_deception_trial_truth_014.csv,Truthful
/Users/ronelpoliak/Afeka/Final_Project/Deception-detection-learning/datasets/trial_testimonies/Truthful/trial_truth_028.mp4,/Users/ronelpoliak/Afeka/Final_Project/Deception-detection-learning/resources/wavfiles/audio_real_life_deception_trial_truth_028.wav,audio_real_life_deception_trial_truth_028.csv,/Users/ronelpoliak/Afeka/Final_Project/Deception-detection-learning/resources/audio_features/arff_files_full_video/audio_real_life_deception_trial_truth_028.csv,/Users/ronelpoliak/Afeka/Final_Project/Deception-detection-learning/resources/audio_features/arff_files_frame_wise/audio_real_life_deception_trial_truth_028.csv,Truthful
/Users/ronelpoliak/Afeka/Final_Project/Deception-detection-learning/datasets/trial_testimonies/Truthful/trial_truth_029.mp4,/Users/ronelpoliak/Afeka/Final_Project/Deception-detection-learning/resources/wavfiles/audio_real_life_deception_trial_truth_029.wav,audio_real_life_deception_trial_truth_029.csv,/Users/ronelpoliak/Afeka/Final_Project/Deception-detection-learning/resources/audio_features/arff_files_full_video/audio_real_life_deception_trial_truth_029.csv,/Users/ronelpoliak/Afeka/Final_Project/Deception-detection-learning/resources/audio_features/arff_files_frame_wise/audio_real_life_deception_trial_truth_029.csv,Truthful
/Users/ronelpoliak/Afeka/Final_Project/Deception-detection-learning/datasets/trial_testimonies/Truthful/trial_truth_001.mp4,/Users/ronelpoliak/Afeka/Final_Project/Deception-detection-learning/resources/wavfiles/audio_real_life_deception_trial_truth_001.wav,audio_real_life_deception_trial_truth_001.csv,/Users/ronelpoliak/Afeka/Final_Project/Deception-detection-learning/resources/audio_features/arff_files_full_video/audio_real_life_deception_trial_truth_001.csv,/Users/ronelpoliak/Afeka/Final_Project/Deception-detection-learning/resources/audio_features/arff_files_frame_wise/audio_real_life_deception_trial_truth_001.csv,Truthful
/Users/ronelpoliak/Afeka/Final_Project/Deception-detection-learning/datasets/trial_testimonies/Truthful/trial_truth_015.mp4,/Users/ronelpoliak/Afeka/Final_Project/Deception-detection-learning/resources/wavfiles/audio_real_life_deception_trial_truth_015.wav,audio_real_life_deception_trial_truth_015.csv,/Users/ronelpoliak/Afeka/Final_Project/Deception-detection-learning/resources/audio_features/arff_files_full_video/audio_real_life_deception_trial_truth_015.csv,/Users/ronelpoliak/Afeka/Final_Project/Deception-detection-learning/resources/audio_features/arff_files_frame_wise/audio_real_life_deception_trial_truth_015.csv,Truthful
/Users/ronelpoliak/Afeka/Final_Project/Deception-detection-learning/datasets/trial_testimonies/Truthful/trial_truth_003.mp4,/Users/ronelpoliak/Afeka/Final_Project/Deception-detection-learning/resources/wavfiles/audio_real_life_deception_trial_truth_003.wav,audio_real_life_deception_trial_truth_003.csv,/Users/ronelpoliak/Afeka/Final_Project/Deception-detection-learning/resources/audio_features/arff_files_full_video/audio_real_life_deception_trial_truth_003.csv,/Users/ronelpoliak/Afeka/Final_Project/Deception-detection-learning/resources/audio_features/arff_files_frame_wise/audio_real_life_deception_trial_truth_003.csv,Truthful
/Users/ronelpoliak/Afeka/Final_Project/Deception-detection-learning/datasets/trial_testimonies/Truthful/trial_truth_017.mp4,/Users/ronelpoliak/Afeka/Final_Project/Deception-detection-learning/resources/wavfiles/audio_real_life_deception_trial_truth_017.wav,audio_real_life_deception_trial_truth_017.csv,/Users/ronelpoliak/Afeka/Final_Project/Deception-detection-learning/resources/audio_features/arff_files_full_video/audio_real_life_deception_trial_truth_017.csv,/Users/ronelpoliak/Afeka/Final_Project/Deception-detection-learning/resources/audio_features/arff_files_frame_wise/audio_real_life_deception_trial_truth_017.csv,Truthful
/Users/ronelpoliak/Afeka/Final_Project/Deception-detection-learning/datasets/trial_testimonies/Truthful/trial_truth_016.mp4,/Users/ronelpoliak/Afeka/Final_Project/Deception-detection-learning/resources/wavfiles/audio_real_life_deception_trial_truth_016.wav,audio_real_life_deception_trial_truth_016.csv,/Users/ronelpoliak/Afeka/Final_Project/Deception-detection-learning/resources/audio_features/arff_files_full_video/audio_real_life_deception_trial_truth_016.csv,/Users/ronelpoliak/Afeka/Final_Project/Deception-detection-learning/resources/audio_features/arff_files_frame_wise/audio_real_life_deception_trial_truth_016.csv,Truthful
/Users/ronelpoliak/Afeka/Final_Project/Deception-detection-learning/datasets/trial_testimonies/Truthful/trial_truth_002.mp4,/Users/ronelpoliak/Afeka/Final_Project/Deception-detection-learning/resources/wavfiles/audio_real_life_deception_trial_truth_002.wav,audio_real_life_deception_trial_truth_002.csv,/Users/ronelpoliak/Afeka/Final_Project/Deception-detection-learning/resources/audio_features/arff_files_full_video/audio_real_life_deception_trial_truth_002.csv,/Users/ronelpoliak/Afeka/Final_Project/Deception-detection-learning/resources/audio_features/arff_files_frame_wise/audio_real_life_deception_trial_truth_002.csv,Truthful
/Users/ronelpoliak/Afeka/Final_Project/Deception-detection-learning/datasets/trial_testimonies/Truthful/trial_truth_006.mp4,/Users/ronelpoliak/Afeka/Final_Project/Deception-detection-learning/resources/wavfiles/audio_real_life_deception_trial_truth_006.wav,audio_real_life_deception_trial_truth_006.csv,/Users/ronelpoliak/Afeka/Final_Project/Deception-detection-learning/resources/audio_features/arff_files_full_video/audio_real_life_deception_trial_truth_006.csv,/Users/ronelpoliak/Afeka/Final_Project/Deception-detection-learning/resources/audio_features/arff_files_frame_wise/audio_real_life_deception_trial_truth_006.csv,Truthful
/Users/ronelpoliak/Afeka/Final_Project/Deception-detection-learning/datasets/trial_testimonies/Truthful/trial_truth_012.mp4,/Users/ronelpoliak/Afeka/Final_Project/Deception-detection-learning/resources/wavfiles/audio_real_life_deception_trial_truth_012.wav,audio_real_life_deception_trial_truth_012.csv,/Users/ronelpoliak/Afeka/Final_Project/Deception-detection-learning/resources/audio_features/arff_files_full_video/audio_real_life_deception_trial_truth_012.csv,/Users/ronelpoliak/Afeka/Final_Project/Deception-detection-learning/resources/audio_features/arff_files_frame_wise/audio_real_life_deception_trial_truth_012.csv,Truthful
/Users/ronelpoliak/Afeka/Final_Project/Deception-detection-learning/datasets/trial_testimonies/Truthful/trial_truth_013.mp4,/Users/ronelpoliak/Afeka/Final_Project/Deception-detection-learning/resources/wavfiles/audio_real_life_deception_trial_truth_013.wav,audio_real_life_deception_trial_truth_013.csv,/Users/ronelpoliak/Afeka/Final_Project/Deception-detection-learning/resources/audio_features/arff_files_full_video/audio_real_life_deception_trial_truth_013.csv,/Users/ronelpoliak/Afeka/Final_Project/Deception-detection-learning/resources/audio_features/arff_files_frame_wise/audio_real_life_deception_trial_truth_013.csv,Truthful
/Users/ronelpoliak/Afeka/Final_Project/Deception-detection-learning/datasets/trial_testimonies/Truthful/trial_truth_007.mp4,/Users/ronelpoliak/Afeka/Final_Project/Deception-detection-learning/resources/wavfiles/audio_real_life_deception_trial_truth_007.wav,audio_real_life_deception_trial_truth_007.csv,/Users/ronelpoliak/Afeka/Final_Project/Deception-detection-learning/resources/audio_features/arff_files_full_video/audio_real_life_deception_trial_truth_007.csv,/Users/ronelpoliak/Afeka/Final_Project/Deception-detection-learning/resources/audio_features/arff_files_frame_wise/audio_real_life_deception_trial_truth_007.csv,Truthful
/Users/ronelpoliak/Afeka/Final_Project/Deception-detection-learning/datasets/trial_testimonies/Truthful/trial_truth_039.mp4,/Users/ronelpoliak/Afeka/Final_Project/Deception-detection-learning/resources/wavfiles/audio_real_life_deception_trial_truth_039.wav,audio_real_life_deception_trial_truth_039.csv,/Users/ronelpoliak/Afeka/Final_Project/Deception-detection-learning/resources/audio_features/arff_files_full_video/audio_real_life_deception_trial_truth_039.csv,/Users/ronelpoliak/Afeka/Final_Project/Deception-detection-learning/resources/audio_features/arff_files_frame_wise/audio_real_life_deception_trial_truth_039.csv,Truthful
/Users/ronelpoliak/Afeka/Final_Project/Deception-detection-learning/datasets/trial_testimonies/Truthful/trial_truth_011.mp4,/Users/ronelpoliak/Afeka/Final_Project/Deception-detection-learning/resources/wavfiles/audio_real_life_deception_trial_truth_011.wav,audio_real_life_deception_trial_truth_011.csv,/Users/ronelpoliak/Afeka/Final_Project/Deception-detection-learning/resources/audio_features/arff_files_full_video/audio_real_life_deception_trial_truth_011.csv,/Users/ronelpoliak/Afeka/Final_Project/Deception-detection-learning/resources/audio_features/arff_files_frame_wise/audio_real_life_deception_trial_truth_011.csv,Truthful
/Users/ronelpoliak/Afeka/Final_Project/Deception-detection-learning/datasets/trial_testimonies/Truthful/trial_truth_005.mp4,/Users/ronelpoliak/Afeka/Final_Project/Deception-detection-learning/resources/wavfiles/audio_real_life_deception_trial_truth_005.wav,audio_real_life_deception_trial_truth_005.csv,/Users/ronelpoliak/Afeka/Final_Project/Deception-detection-learning/resources/audio_features/arff_files_full_video/audio_real_life_deception_trial_truth_005.csv,/Users/ronelpoliak/Afeka/Final_Project/Deception-detection-learning/resources/audio_features/arff_files_frame_wise/audio_real_life_deception_trial_truth_005.csv,Truthful
/Users/ronelpoliak/Afeka/Final_Project/Deception-detection-learning/datasets/trial_testimonies/Truthful/trial_truth_004.mp4,/Users/ronelpoliak/Afeka/Final_Project/Deception-detection-learning/resources/wavfiles/audio_real_life_deception_trial_truth_004.wav,audio_real_life_deception_trial_truth_004.csv,/Users/ronelpoliak/Afeka/Final_Project/Deception-detection-learning/resources/audio_features/arff_files_full_video/audio_real_life_deception_trial_truth_004.csv,/Users/ronelpoliak/Afeka/Final_Project/Deception-detection-learning/resources/audio_features/arff_files_frame_wise/audio_real_life_deception_trial_truth_004.csv,Truthful
/Users/ronelpoliak/Afeka/Final_Project/Deception-detection-learning/datasets/trial_testimonies/Truthful/trial_truth_010.mp4,/Users/ronelpoliak/Afeka/Final_Project/Deception-detection-learning/resources/wavfiles/audio_real_life_deception_trial_truth_010.wav,audio_real_life_deception_trial_truth_010.csv,/Users/ronelpoliak/Afeka/Final_Project/Deception-detection-learning/resources/audio_features/arff_files_full_video/audio_real_life_deception_trial_truth_010.csv,/Users/ronelpoliak/Afeka/Final_Project/Deception-detection-learning/resources/audio_features/arff_files_frame_wise/audio_real_life_deception_trial_truth_010.csv,Truthful
/Users/ronelpoliak/Afeka/Final_Project/Deception-detection-learning/datasets/trial_testimonies/Truthful/trial_truth_038.mp4,/Users/ronelpoliak/Afeka/Final_Project/Deception-detection-learning/resources/wavfiles/audio_real_life_deception_trial_truth_038.wav,audio_real_life_deception_trial_truth_038.csv,/Users/ronelpoliak/Afeka/Final_Project/Deception-detection-learning/resources/audio_features/arff_files_full_video/audio_real_life_deception_trial_truth_038.csv,/Users/ronelpoliak/Afeka/Final_Project/Deception-detection-learning/resources/audio_features/arff_files_frame_wise/audio_real_life_deception_trial_truth_038.csv,Truthful
/Users/ronelpoliak/Afeka/Final_Project/Deception-detection-learning/datasets/trial_testimonies/Truthful/trial_truth_060.mp4,/Users/ronelpoliak/Afeka/Final_Project/Deception-detection-learning/resources/wavfiles/audio_real_life_deception_trial_truth_060.wav,audio_real_life_deception_trial_truth_060.csv,/Users/ronelpoliak/Afeka/Final_Project/Deception-detection-learning/resources/audio_features/arff_files_full_video/audio_real_life_deception_trial_truth_060.csv,/Users/ronelpoliak/Afeka/Final_Project/Deception-detection-learning/resources/audio_features/arff_files_frame_wise/audio_real_life_deception_trial_truth_060.csv,Truthful
/Users/ronelpoliak/Afeka/Final_Project/Deception-detection-learning/datasets/trial_testimonies/Truthful/trial_truth_048.mp4,/Users/ronelpoliak/Afeka/Final_Project/Deception-detection-learning/resources/wavfiles/audio_real_life_deception_trial_truth_048.wav,audio_real_life_deception_trial_truth_048.csv,/Users/ronelpoliak/Afeka/Final_Project/Deception-detection-learning/resources/audio_features/arff_files_full_video/audio_real_life_deception_trial_truth_048.csv,/Users/ronelpoliak/Afeka/Final_Project/Deception-detection-learning/resources/audio_features/arff_files_frame_wise/audio_real_life_deception_trial_truth_048.csv,Truthful
/Users/ronelpoliak/Afeka/Final_Project/Deception-detection-learning/datasets/trial_testimonies/Truthful/trial_truth_049.mp4,/Users/ronelpoliak/Afeka/Final_Project/Deception-detection-learning/resources/wavfiles/audio_real_life_deception_trial_truth_049.wav,audio_real_life_deception_trial_truth_049.csv,/Users/ronelpoliak/Afeka/Final_Project/Deception-detection-learning/resources/audio_features/arff_files_full_video/audio_real_life_deception_trial_truth_049.csv,/Users/ronelpoliak/Afeka/Final_Project/Deception-detection-learning/resources/audio_features/arff_files_frame_wise/audio_real_life_deception_trial_truth_049.csv,Truthful
/Users/ronelpoliak/Afeka/Final_Project/Deception-detection-learning/datasets/trial_testimonies/Truthful/trial_truth_059.mp4,/Users/ronelpoliak/Afeka/Final_Project/Deception-detection-learning/resources/wavfiles/audio_real_life_deception_trial_truth_059.wav,audio_real_life_deception_trial_truth_059.csv,/Users/ronelpoliak/Afeka/Final_Project/Deception-detection-learning/resources/audio_features/arff_files_full_video/audio_real_life_deception_trial_truth_059.csv,/Users/ronelpoliak/Afeka/Final_Project/Deception-detection-learning/resources/audio_features/arff_files_frame_wise/audio_real_life_deception_trial_truth_059.csv,Truthful
/Users/ronelpoliak/Afeka/Final_Project/Deception-detection-learning/datasets/trial_testimonies/Truthful/trial_truth_058.mp4,/Users/ronelpoliak/Afeka/Final_Project/Deception-detection-learning/resources/wavfiles/audio_real_life_deception_trial_truth_058.wav,audio_real_life_deception_trial_truth_058.csv,/Users/ronelpoliak/Afeka/Final_Project/Deception-detection-learning/resources/audio_features/arff_files_full_video/audio_real_life_deception_trial_truth_058.csv,/Users/ronelpoliak/Afeka/Final_Project/Deception-detection-learning/resources/audio_features/arff_files_frame_wise/audio_real_life_deception_trial_truth_058.csv,Truthful
